url,title,comments,state,created_at,closed_at,
,,,,,,0
https://api.github.com/repos/apache/incubator-mxnet/issues/20308,"b'There is a vulnerability in kramdown 2.1.0 ,upgrade recommended'","[b'Welcome to Apache MXNet (incubating)! We are on a mission to democratize AI, and we are glad that you are contributing to it by opening this issue.\nPlease make sure to include all the relevant context, and one of the @apache/mxnet-committers will be here shortly.\nIf you are interested in contributing to our project, let us know! Also, be sure to check out our guide on [contributing to MXNet](https://mxnet.apache.org/community/contribute) and our [development guides wiki](https://cwiki.apache.org/confluence/display/MXNET/Developments).']",open,5/25/2021 2:42,,2
,,,,,,0
https://api.github.com/repos/apache/incubator-mxnet/issues/20506,b'[v1.x]Unpin Pillow version',"[b'Hey @waytrue17 , Thanks for submitting the PR \nAll tests are already queued to run once. If tests fail, you can trigger one or more tests again with the following commands: \n- To trigger all jobs: @mxnet-bot run ci [all] \n- To trigger specific jobs: @mxnet-bot run ci [job1, job2] \n*** \n**CI supported jobs**: [clang, miscellaneous, centos-gpu, windows-cpu, edge, website, sanity, unix-gpu, windows-gpu, centos-cpu, unix-cpu]\n*** \n_Note_: \n Only following 3 categories can trigger CI :PR Author, MXNet Committer, Jenkins Admin. \nAll CI tests must pass before the PR can be merged. \n']",closed,8/10/2021 0:18,8/12/2021 23:28,2
,,,,,,0
https://api.github.com/repos/apache/incubator-mxnet/issues/14588,b'[Dependency Update]Update the numpy version',"[b'@stu1130 Seems like not all the CI passed on this PR. \r\nWould you be taking a look into the failures ?\r\n\r\n@mxnet-label-bot Add [Numpy, pr-work-in-progress]', b'@stu1130 Can you take a look at CI failure. ', b'@szha the PR is ready for review', b'@mxnet-label-bot Update [Numpy, pr-awaiting-review]', b'ping @szha for review thanks']",closed,4/1/2019 23:50,5/21/2019 1:34,10
,,,,,,0
https://api.github.com/repos/apache/incubator-mxnet/issues/14623,b'[WIP][Dependency Update] Upgrade the libtiff to 4.0.10',"[b'Thanks for your contributions @stu1130. The CI seems to be failing. Can you look into this ?\r\n@mxnet-label-bot Add [Build, pr-awaiting-merge]', b'Sorry that I merged the PR by mistake. Do we need to revert the PR, since the CI has been passed?', b""@wkcn the previous CI failures don't seem to be related to this. There is CI test for building the static library which dependes on this (I'm not sure if the CI has tests specifically for this dependency though). In any case, it doesn't seem like a revert is urgently necessary right now."", b'@szha Thank you! I will pay more attention next time.', b'The stattic build should trigger and verify the script to see if it is working.', b""@wkcn Static build CPU 14.04 Python and Static build CPU 14.04 Scala in ubuntu cpu have tested against the script. I just want to make sure it also works in ubuntu 16.04. Since we're still using ubuntu 14.04 to build the package so no worry. Thanks for your hard work""]",closed,4/4/2019 23:07,4/10/2019 12:01,12
,,,,,,0
https://api.github.com/repos/apache/incubator-mxnet/issues/13032,b'requests need upgrade due to security risk (CVE-2018-18074)',"[b'@mxnet-lable-bot [Bug, Build, Python]', b'@mxnet-label-bot add [Bug, Build, Python]\r\n\r\n']",closed,10/29/2018 23:47,11/20/2018 18:00,4
,,,,,,30
