url,title,comments,state,created_at,closed_at,
,,,,,,0
https://api.github.com/repos/huggingface/transformers/issues/10915,b'Bump pyyaml from 5.3.1 to 5.4 in /examples/research_projects/lxmert',"[b'Looks like pyyaml is up-to-date now, so this is no longer needed.']",closed,3/26/2021 0:39,3/26/2021 13:07,2
,,,,,,0
https://api.github.com/repos/huggingface/transformers/issues/3254,b'Bump psutil from 5.6.3 to 5.6.6 in /examples/distillation',"[b'# [Codecov](https://codecov.io/gh/huggingface/transformers/pull/3254?src=pr&el=h1) Report\n> Merging [#3254](https://codecov.io/gh/huggingface/transformers/pull/3254?src=pr&el=desc) into [master](https://codecov.io/gh/huggingface/transformers/commit/2e81b9d8d76a4d41a13f74eb5e0f4a65d8143cab?src=pr&el=desc) will **decrease** coverage by `1.1%`.\n> The diff coverage is `n/a`.\n\n[![Impacted file tree graph](https://codecov.io/gh/huggingface/transformers/pull/3254/graphs/tree.svg?width=650&token=9qOlN6Hb1c&height=150&src=pr)](https://codecov.io/gh/huggingface/transformers/pull/3254?src=pr&el=tree)\n\n```diff\n@@            Coverage Diff             @@\n##           master    #3254      +/-   ##\n==========================================\n- Coverage   77.93%   76.82%   -1.11%     \n==========================================\n  Files          98       98              \n  Lines       16666    16666              \n==========================================\n- Hits        12988    12804     -184     \n- Misses       3678     3862     +184\n```\n\n\n| [Impacted Files](https://codecov.io/gh/huggingface/transformers/pull/3254?src=pr&el=tree) | Coverage \xce\x94 | |\n|---|---|---|\n| [src/transformers/modeling\\_tf\\_pytorch\\_utils.py](https://codecov.io/gh/huggingface/transformers/pull/3254/diff?src=pr&el=tree#diff-c3JjL3RyYW5zZm9ybWVycy9tb2RlbGluZ190Zl9weXRvcmNoX3V0aWxzLnB5) | `8.72% <0%> (-81.21%)` | :arrow_down: |\n| [src/transformers/modeling\\_roberta.py](https://codecov.io/gh/huggingface/transformers/pull/3254/diff?src=pr&el=tree#diff-c3JjL3RyYW5zZm9ybWVycy9tb2RlbGluZ19yb2JlcnRhLnB5) | `85.71% <0%> (-10%)` | :arrow_down: |\n| [src/transformers/modeling\\_tf\\_utils.py](https://codecov.io/gh/huggingface/transformers/pull/3254/diff?src=pr&el=tree#diff-c3JjL3RyYW5zZm9ybWVycy9tb2RlbGluZ190Zl91dGlscy5weQ==) | `82.46% <0%> (-3.23%)` | :arrow_down: |\n| [src/transformers/modeling\\_xlnet.py](https://codecov.io/gh/huggingface/transformers/pull/3254/diff?src=pr&el=tree#diff-c3JjL3RyYW5zZm9ybWVycy9tb2RlbGluZ194bG5ldC5weQ==) | `73.48% <0%> (-2.3%)` | :arrow_down: |\n| [src/transformers/modeling\\_ctrl.py](https://codecov.io/gh/huggingface/transformers/pull/3254/diff?src=pr&el=tree#diff-c3JjL3RyYW5zZm9ybWVycy9tb2RlbGluZ19jdHJsLnB5) | `96% <0%> (-2.23%)` | :arrow_down: |\n| [src/transformers/modeling\\_openai.py](https://codecov.io/gh/huggingface/transformers/pull/3254/diff?src=pr&el=tree#diff-c3JjL3RyYW5zZm9ybWVycy9tb2RlbGluZ19vcGVuYWkucHk=) | `80.2% <0%> (-1.35%)` | :arrow_down: |\n| [src/transformers/modeling\\_utils.py](https://codecov.io/gh/huggingface/transformers/pull/3254/diff?src=pr&el=tree#diff-c3JjL3RyYW5zZm9ybWVycy9tb2RlbGluZ191dGlscy5weQ==) | `93.56% <0%> (-0.14%)` | :arrow_down: |\n\n------\n\n[Continue to review full report at Codecov](https://codecov.io/gh/huggingface/transformers/pull/3254?src=pr&el=continue).\n> **Legend** - [Click here to learn more](https://docs.codecov.io/docs/codecov-delta)\n> `\xce\x94 = absolute <relative> (impact)`, `\xc3\xb8 = not affected`, `? = missing data`\n> Powered by [Codecov](https://codecov.io/gh/huggingface/transformers/pull/3254?src=pr&el=footer). Last update [2e81b9d...28fce2c](https://codecov.io/gh/huggingface/transformers/pull/3254?src=pr&el=lastupdated). Read the [comment docs](https://docs.codecov.io/docs/pull-request-comments).\n']",closed,3/12/2020 18:16,3/13/2020 1:14,2
