url,title,comments,state,created_at,closed_at,
,,,,,,0
https://api.github.com/repos/microsoft/nni/issues/3086,"b'There is a vulnerability in numpy 1.14.3,upgrade recommended'","[b'@liuzhe-lz - has this vulnerability warning been fixed? or any concern for fixing it?', b'@liuzhe-lz - would you mind sharing the latest status of this issue? thanks!\r\n']",open,11/13/2020 2:03,,4
,,,,,,0
https://api.github.com/repos/microsoft/nni/issues/4306,b'Bump tensorflow from 1.15.4 to 2.5.2 in /examples/trials/ga_squad',"[b""OK, I won't notify you again about this release, but will get in touch when a new version is available. If you'd rather skip all updates until the next major or minor version, let me know by commenting `@dependabot ignore this major version` or `@dependabot ignore this minor version`.\n\nIf you change your mind, just re-open this PR and I'll resolve any conflicts on it.""]",closed,11/10/2021 19:42,11/19/2021 8:48,2
,,,,,,0
https://api.github.com/repos/microsoft/nni/issues/4115,b'Bump tensorflow from 1.15.4 to 2.5.1 in /examples/trials/network_morphism',"[b""OK, I won't notify you again about this release, but will get in touch when a new version is available. If you'd rather skip all updates until the next major or minor version, let me know by commenting `@dependabot ignore this major version` or `@dependabot ignore this minor version`.\n\nIf you change your mind, just re-open this PR and I'll resolve any conflicts on it.""]",closed,8/25/2021 15:23,8/27/2021 8:41,2
,,,,,,0
https://api.github.com/repos/microsoft/nni/issues/4114,b'Bump tensorflow from 1.15.4 to 2.5.1 in /examples/trials/ga_squad',"[b""OK, I won't notify you again about this release, but will get in touch when a new version is available. If you'd rather skip all updates until the next major or minor version, let me know by commenting `@dependabot ignore this major version` or `@dependabot ignore this minor version`.\n\nIf you change your mind, just re-open this PR and I'll resolve any conflicts on it.""]",closed,8/25/2021 15:16,8/27/2021 8:41,2
,,,,,,0
https://api.github.com/repos/microsoft/nni/issues/3380,b'Publish new release to Pypi',"[b'Yeah we are also waiting \xf0\x9f\x98\x84', b'@snoopysecurity @Anon-Artist thanks for raising your request. Does nightly build solve your problem, we have nightly build but have not exposed to users. Or, in your scenario you need official release?', b'The vulnerability that the PR https://github.com/microsoft/nni/pull/3311 fixed was reported to Snyk Vulnerability disclosure program (https://snyk.io/vuln) We wanted to release an advisory crediting the reporter, as well as tell current users of `nni` to update to the latest version where this issue is fixed. So I mainly wanted a a pypi official release they could upgrade to (https://pypi.org/project/nni/#history) Am I right in thinking the nightly builds are not in pypi?\r\n\r\nAlso am I right to assume that Microsoft Security Response Center (MSRC) (https://msrc.microsoft.com/create-report) can assign a CVE to this issue?\r\n\r\n\r\n', b'@snoopysecurity thanks, got the scenario. We will release a new version soon.', b'Any update @QuanluZhang  \xf0\x9f\x98\x8a', b'@Anon-Artist v2.1 will be released on March 8th.', b'> @Anon-Artist v2.1 will be released on March 8th.\n\nThats cool \xf0\x9f\x98\x8a', b'hi @QuanluZhang did the new version have released \r\n?\r\n', b'@B3EF , will release today, after several hours. sorry for one day delay.', b'No issues @QuanluZhang \xf0\x9f\x98\x80\nHope you see this @snoopysecurity\n\nOn Wed, Mar 10, 2021, 12:24 PM QuanluZhang ***@***.***> wrote:\n\n> @B3EF <https://github.com/B3EF> , will release today, after several\n> hours. sorry for one day delay.\n>\n> \xe2\x80\x94\n> You are receiving this because you were mentioned.\n> Reply to this email directly, view it on GitHub\n> <https://github.com/microsoft/nni/issues/3380#issuecomment-794983617>, or\n> unsubscribe\n> <https://github.com/notifications/unsubscribe-auth/AOV66JRKZ3BVCERODT2MDHLTC4JQ7ANCNFSM4XQ543VQ>\n> .\n>\n', b""Hi, yep, thanks for letting me know. I'll close this issue."", b'HI @QuanluZhang can we get a CVE id For this.', b'@QuanluZhang Snyk.io has recognized this vulnerability as https://snyk.io/vuln/SNYK-PYTHON-NNI-1073630 so can we get a CVE for this.', b'@Anon-Artist @B3EF , sorry, I am not familiar with Snyk.io. could you give me some context about CVE and how to do it. maybe some links and guidance?', b'hi @snoopysecurity can you please explain  the criteria to be done to @QuanluZhang  ,to assign a CVE-id for us .', b""Hey, indeed I can help @QuanluZhang Snyk can't help with a CVE since its a microsoft product/software, Reading https://cve.mitre.org/cve/request_id.html, you should be able to assign a CVE by contacting `secure@microsoft.com` or directly MITRE through https://cveform.mitre.org/\r\n\r\nAll you need to do is contact one of the above authorities and provide the details, you can just copy and paste the details here https://snyk.io/vuln/SNYK-PYTHON-NNI-1073630 (fixed version, github commit, vulnerability information etc etc) and they will assign a CVE for you.  Going through https://cveform.mitre.org/ is probably quicker. hope this helps"", b'@qfyin @liuzhe-lz - Has the problem been solved? may we close the issue? thanks.', b'Yes sure the problem is fixed \r\nThank you \xf0\x9f\x98\x8a', b'I will close this issue as the problem had been solved, feel free to reopen it.']",closed,2/12/2021 16:12,6/10/2021 14:10,38
,,,,,,0
https://api.github.com/repos/microsoft/nni/issues/4204,b'Bump ansi-regex from 5.0.0 to 5.0.1 in /ts/jupyter_extension',[],closed,9/23/2021 4:21,9/24/2021 9:10,0
,,,,,,0
https://api.github.com/repos/microsoft/nni/issues/2925,b'Bump tensorflow from 1.15.2 to 1.15.4 in /examples/trials/ga_squad',[],closed,9/25/2020 22:56,9/28/2020 8:01,0
,,,,,,0
https://api.github.com/repos/microsoft/nni/issues/2926,b'Bump tensorflow from 1.15.2 to 1.15.4 in /examples/trials/network_morphism',[],closed,9/25/2020 23:09,9/28/2020 7:03,0
,,,,,,0
https://api.github.com/repos/microsoft/nni/issues/2988,b'Bump node-forge from 0.9.0 to 0.10.0 in /src/webui',"[b'Looks like node-forge is up-to-date now, so this is no longer needed.']",closed,10/20/2020 1:47,10/23/2020 7:43,2
,,,,,,0
https://api.github.com/repos/microsoft/nni/issues/2908,b'Bump node-forge from 0.9.0 to 0.10.0 in /src/webui',[],closed,9/18/2020 6:52,9/19/2020 13:53,0
,,,,,,0
https://api.github.com/repos/microsoft/nni/issues/1057,b'Tensorflow version before 1.12.2 has security issue',[b'Fixed and close.'],closed,5/6/2019 12:49,5/7/2019 2:35,2
,,,,,,0
https://api.github.com/repos/microsoft/nni/issues/2534,b'Bump websocket-extensions from 0.1.3 to 0.1.4 in /src/webui',[],closed,6/6/2020 23:09,6/15/2020 3:22,0
,,,,,,0
https://api.github.com/repos/microsoft/nni/issues/1982,b'Bump tensorflow from 1.13.1 to 1.15.2 in /examples/trials/network_morphism',"[b'Do not merge.', b'PR #2113 ', b""OK, I won't notify you again about this release, but will get in touch when a new version is available. If you'd rather skip all updates until the next major or minor version, let me know by commenting `@dependabot ignore this major version` or `@dependabot ignore this minor version`.\n\nIf you change your mind, just re-open this PR and I'll resolve any conflicts on it.""]",closed,1/28/2020 22:31,3/4/2020 4:01,6
,,,,,,0
https://api.github.com/repos/microsoft/nni/issues/1981,b'Bump tensorflow from 1.13.1 to 1.15.2 in /examples/trials/ga_squad',"[b'PR #2113 ', b""OK, I won't notify you again about this release, but will get in touch when a new version is available. If you'd rather skip all updates until the next major or minor version, let me know by commenting `@dependabot ignore this major version` or `@dependabot ignore this minor version`.\n\nIf you change your mind, just re-open this PR and I'll resolve any conflicts on it.""]",closed,1/28/2020 22:27,3/4/2020 4:00,4
,,,,,,0
https://api.github.com/repos/microsoft/nni/issues/1056,b'Upgrade tensorflow version in the ga_squad and network_morphism examples.',[],closed,5/6/2019 12:40,5/7/2019 2:20,0
,,,,,,62
