url,title,comments,state,created_at,closed_at,
,,,,,,0
https://api.github.com/repos/openai/gym/issues/2174,b'Update Pillow Python Library for CVE-2020-35653',"[b'Not only for security fixes, but also to enable working with python 3.9. I cloned the repo and manually set the pillow version to the currently highest available (8.1) and at least the simple cartPole-v0 problem works as expected.', b'We need remove Pillow 7.2.0, and update to Pillow 8.0.0 for Python 3.9.0 !', b'also hitting this with new CVE\r\nhttps://cve.mitre.org/cgi-bin/cvename.cgi?name=CVE-2021-27921', b'Closed by PR']",closed,2/10/2021 20:06,7/27/2021 19:59,8
,,,,,,0
https://api.github.com/repos/openai/gym/issues/2189,b'Update Pillow Python Library for CVE-2020-35653 & CVE-2021-27921',"[b'Curious to see if any builds pick up a break with this package update.', b'#2174 ', b'https://cve.mitre.org/cgi-bin/cvename.cgi?name=CVE-2021-27921', b'#2203 ', b""Thanks! Why are you pinning Pillow to a specific version? Wouldn't it be better going forward to use Pillow without specifying the version number? Versions before 7.2 worked according to the current `setup.py` and versions after 7.2 also work according to Travis."", b'https://github.com/openai/gym/pull/2212', b'#2199 ', b'okay i loosened the pin up. ', b'@joschu how does this PR look?', b'@joschu thanks for the merge!\r\n\r\nAny chance we can get a 0.18.1 release with this update? My Component Governance system is very angry at my current Pillow version...', b'Not sure how to do this. @pzhokhov ?', b""> Not sure how to do this. @pzhokhov ?\r\n\r\ntypically, this would require simply making a git tag with new version and pushing it, CI would do the rest. However, the build is failing currently, I'll look into fixing it."", b'ok so the story is a bit tangled here - the build is broken because we are using relatively old patch versions of python (3.6.8 and 3.7.3); somehow, builds timeout when trying to pull docker images for those. When using newer patch versions that are actually listed on python dockerhub repo page (3.6.13 and 3.7.10), things seem to work, however, then mujoco segfaults.  We could move forward without mujoco tests (I made a PR: https://github.com/openai/gym/pull/2220/files), which will let us release newer versions. Otherwise, more investigation is needed into how to make mujoco work with newer versions of python. Thoughts @joschu @christopherhesse ? ', b""Another approach could be to make our own public mirror for old python images, say, on ACR. OTOH, finicky properties of mujoco wrt python versions are a really sore spot, I'd rather we did not propagate that madness further. "", b""For the reference, here's how a build that fails to pull python 3.6.8 image from dockerhub looks like: https://www.travis-ci.org/github/openai/gym/jobs/766940827"", b""@pzhokhov \r\nStarted getting a lot of safety warnings due to Pillow, and the old pin from gym.\r\nIf we can not get a new release up onto pypi, I am going to need to roll gym out of my team's project. Any active work or ETA on 18.0.1?\r\n\r\n![image](https://user-images.githubusercontent.com/9027725/116911156-7825d200-ac14-11eb-9ec1-7a2ddbe71ac9.png)\r\n\r\n""]",closed,3/10/2021 1:42,4/6/2021 15:18,32
,,,,,,0
https://api.github.com/repos/openai/gym/issues/2287,b'Remove safety from CI',[],closed,8/2/2021 3:38,8/2/2021 3:45,0
